 bfactor	 atoms
15	64.93000030517578
16	61.099998474121094
17	55.77000045776367
18	49.2599983215332
19	42.619998931884766
20	38.369998931884766
21	32.86000061035156
22	27.489999771118164
23	27.579999923706055
24	28.3700008392334
25	26.18000030517578
26	24.09000015258789
27	26.93000030517578
28	27.200000762939453
29	26.600000381469727
30	25.559999465942383
31	27.989999771118164
32	28.209999084472656
33	27.65999984741211
34	27.170000076293945
35	23.84000015258789
36	20.260000228881836
37	18.510000228881836
38	16.889999389648438
39	15.100000381469727
40	15.149999618530273
41	18.709999084472656
42	19.399999618530273
43	18.479999542236328
44	19.239999771118164
45	20.969999313354492
46	22.6299991607666
47	22.81999969482422
48	21.770000457763672
49	20.459999084472656
50	18.170000076293945
51	16.979999542236328
52	16.75
53	19.309999465942383
54	15.899999618530273
55	17.799999237060547
56	18.43000030517578
57	18.790000915527344
58	18.81999969482422
59	21.18000030517578
60	22.780000686645508
61	21.709999084472656
62	23.959999084472656
63	26.969999313354492
64	27.020000457763672
65	25.93000030517578
66	23.719999313354492
67	21.510000228881836
68	19.770000457763672
69	18.020000457763672
70	16.270000457763672
71	15.729999542236328
72	15.5
73	16.850000381469727
74	17.329999923706055
75	18.6200008392334
76	20.90999984741211
77	16.809999465942383
78	16.989999771118164
79	15.5
80	16.170000076293945
81	19.229999542236328
82	19.31999969482422
83	19.389999389648438
84	23.209999084472656
85	25.809999465942383
86	26.149999618530273
87	26.049999237060547
88	27.579999923706055
89	26.719999313354492
90	29.950000762939453
91	29.809999465942383
92	27.8700008392334
93	26.479999542236328
94	23.34000015258789
95	20.520000457763672
96	18.81999969482422
97	18.579999923706055
98	20.59000015258789
99	19.469999313354492
100	19.780000686645508
101	22.979999542236328
102	25.530000686645508
103	24.84000015258789
104	24.06999969482422
105	21.75
106	23.940000534057617
107	23.530000686645508
108	21.6299991607666
109	22.1200008392334
110	23.280000686645508
111	23.530000686645508
112	23.979999542236328
113	24.540000915527344
114	26.360000610351562
115	23.600000381469727
116	21.3799991607666
117	18.639999389648438
118	17.709999084472656
119	18.0
120	18.440000534057617
121	16.790000915527344
122	17.530000686645508
123	17.8700008392334
124	19.440000534057617
125	17.549999237060547
126	17.809999465942383
127	18.229999542236328
128	18.329999923706055
129	18.829999923706055
130	20.540000915527344
131	22.229999542236328
132	21.329999923706055
133	23.969999313354492
134	26.059999465942383
135	23.850000381469727
136	22.56999969482422
137	22.780000686645508
138	22.489999771118164
139	20.520000457763672
140	18.799999237060547
141	18.719999313354492
142	18.920000076293945
143	17.93000030517578
144	16.709999084472656
145	18.860000610351562
146	21.1299991607666
147	20.940000534057617
148	21.440000534057617
149	23.209999084472656
150	24.510000228881836
151	23.459999084472656
152	23.530000686645508
153	26.709999084472656
154	26.0
155	20.170000076293945
156	20.559999465942383
157	18.010000228881836
158	17.290000915527344
159	15.699999809265137
160	13.960000038146973
161	13.880000114440918
162	15.220000267028809
163	15.75
164	16.469999313354492
165	16.790000915527344
166	17.760000228881836
167	16.290000915527344
168	16.280000686645508
169	14.329999923706055
170	15.649999618530273
171	15.479999542236328
172	15.8100004196167
173	16.0
174	16.610000610351562
175	17.09000015258789
176	17.899999618530273
177	17.559999465942383
178	18.8799991607666
179	18.40999984741211
180	18.8799991607666
181	20.690000534057617
181	19.229999542236328
182	18.3700008392334
183	17.520000457763672
184	19.920000076293945
185	21.479999542236328
186	23.709999084472656
187	24.34000015258789
188	24.020000457763672
189	24.739999771118164
190	26.43000030517578
191	25.489999771118164
192	23.93000030517578
193	19.6299991607666
194	19.200000762939453
195	21.290000915527344
196	18.829999923706055
197	17.6200008392334
198	18.8799991607666
199	20.729999542236328
200	20.059999465942383
201	18.959999084472656
202	21.43000030517578
203	22.079999923706055
204	19.5
205	21.309999465942383
206	25.079999923706055
207	23.739999771118164
208	19.959999084472656
209	20.559999465942383
210	20.350000381469727
211	20.399999618530273
212	20.56999969482422
213	21.260000228881836
214	24.5
214	23.75
214	25.440000534057617
215	24.110000610351562
216	21.1299991607666
217	19.829999923706055
218	19.18000030517578
219	21.1200008392334
220	21.780000686645508
221	27.989999771118164
222	32.97999954223633
223	40.310001373291016
224	46.18000030517578
225	49.0099983215332
226	48.20000076293945
227	47.11000061035156
228	45.04999923706055
229	41.63999938964844
230	40.349998474121094
231	37.33000183105469
232	33.310001373291016
233	32.2400016784668
234	35.349998474121094
235	34.33000183105469
236	30.469999313354492
237	30.309999465942383
238	36.13999938964844
239	37.20000076293945
240	34.459999084472656
241	37.0099983215332
242	36.29999923706055
243	31.079999923706055
244	26.719999313354492
245	24.1200008392334
246	22.0
247	22.360000610351562
248	25.0
249	23.790000915527344
250	23.860000610351562
251	21.31999969482422
252	25.459999084472656
253	29.450000762939453
254	29.93000030517578
255	29.90999984741211
256	26.170000076293945
257	24.799999237060547
258	26.90999984741211
259	27.280000686645508
260	26.6200008392334
261	27.639999389648438
262	33.029998779296875
263	33.45000076293945
264	27.84000015258789
265	24.549999237060547
266	28.15999984741211
267	31.170000076293945
268	31.8700008392334
269	28.90999984741211
270	25.8799991607666
271	27.360000610351562
272	27.639999389648438
273	28.68000030517578
274	27.15999984741211
275	25.190000534057617
276	25.149999618530273
277	25.239999771118164
278	23.270000457763672
279	22.040000915527344
280	22.860000610351562
281	21.579999923706055
282	20.34000015258789
283	20.18000030517578
284	20.8799991607666
285	20.3799991607666
286	19.399999618530273
287	20.729999542236328
288	23.399999618530273
289	20.670000076293945
290	20.489999771118164
291	24.3700008392334
292	27.540000915527344
293	24.920000076293945
294	26.15999984741211
295	31.270000457763672
296	35.540000915527344
297	43.560001373291016
298	49.4900016784668
